--------------------------------------------------------
--  File created - czwartek-styczeñ-24-2013   
--------------------------------------------------------
DROP TABLE "COMPETITIONSCHEDULER"."COMPETITIONS" cascade constraints;
DROP TABLE "COMPETITIONSCHEDULER"."COUNTRIES" cascade constraints;
DROP TABLE "COMPETITIONSCHEDULER"."GROUPS" cascade constraints;
DROP TABLE "COMPETITIONSCHEDULER"."GROUPS_MATCHES" cascade constraints;
DROP TABLE "COMPETITIONSCHEDULER"."GROUPS_TEAMS" cascade constraints;
DROP TABLE "COMPETITIONSCHEDULER"."MATCHES" cascade constraints;
DROP TABLE "COMPETITIONSCHEDULER"."PLAYERS" cascade constraints;
DROP TABLE "COMPETITIONSCHEDULER"."TEAMS" cascade constraints;
DROP TABLE "COMPETITIONSCHEDULER"."USERS" cascade constraints;
DROP SEQUENCE "COMPETITIONSCHEDULER"."COMP_ID_SEQ";
DROP SEQUENCE "COMPETITIONSCHEDULER"."COUNTRY_ID_SEQ";
DROP SEQUENCE "COMPETITIONSCHEDULER"."GROUPS_ID_SEQ";
DROP SEQUENCE "COMPETITIONSCHEDULER"."MATCHES_ID_SEQ";
DROP SEQUENCE "COMPETITIONSCHEDULER"."PLAYERS_ID_SEQ";
DROP SEQUENCE "COMPETITIONSCHEDULER"."TEAMS_ID_SEQ";
DROP PACKAGE "COMPETITIONSCHEDULER"."PKG_AUTH";
DROP PACKAGE "COMPETITIONSCHEDULER"."PKG_COMP";
DROP PACKAGE "COMPETITIONSCHEDULER"."PKG_DICT";
DROP PACKAGE BODY "COMPETITIONSCHEDULER"."PKG_AUTH";
DROP PACKAGE BODY "COMPETITIONSCHEDULER"."PKG_COMP";
DROP PACKAGE BODY "COMPETITIONSCHEDULER"."PKG_DICT";
--------------------------------------------------------
--  DDL for Sequence COMP_ID_SEQ
--------------------------------------------------------

   CREATE SEQUENCE  "COMPETITIONSCHEDULER"."COMP_ID_SEQ"  MINVALUE 1 MAXVALUE 9999999999999999999999999999 INCREMENT BY 1 START WITH 21 CACHE 20 NOORDER  NOCYCLE ;
--------------------------------------------------------
--  DDL for Sequence COUNTRY_ID_SEQ
--------------------------------------------------------

   CREATE SEQUENCE  "COMPETITIONSCHEDULER"."COUNTRY_ID_SEQ"  MINVALUE 1 MAXVALUE 9999999999999999999999999999 INCREMENT BY 1 START WITH 21 CACHE 20 NOORDER  NOCYCLE ;
--------------------------------------------------------
--  DDL for Sequence GROUPS_ID_SEQ
--------------------------------------------------------

   CREATE SEQUENCE  "COMPETITIONSCHEDULER"."GROUPS_ID_SEQ"  MINVALUE 1 MAXVALUE 9999999999999999999999999999 INCREMENT BY 1 START WITH 21 CACHE 20 NOORDER  NOCYCLE ;
--------------------------------------------------------
--  DDL for Sequence MATCHES_ID_SEQ
--------------------------------------------------------

   CREATE SEQUENCE  "COMPETITIONSCHEDULER"."MATCHES_ID_SEQ"  MINVALUE 1 MAXVALUE 9999999999999999999999999999 INCREMENT BY 1 START WITH 41 CACHE 20 NOORDER  NOCYCLE ;
--------------------------------------------------------
--  DDL for Sequence PLAYERS_ID_SEQ
--------------------------------------------------------

   CREATE SEQUENCE  "COMPETITIONSCHEDULER"."PLAYERS_ID_SEQ"  MINVALUE 1 MAXVALUE 9999999999999999999999999999 INCREMENT BY 1 START WITH 1 CACHE 20 NOORDER  NOCYCLE ;
--------------------------------------------------------
--  DDL for Sequence TEAMS_ID_SEQ
--------------------------------------------------------

   CREATE SEQUENCE  "COMPETITIONSCHEDULER"."TEAMS_ID_SEQ"  MINVALUE 1 MAXVALUE 9999999999999999999999999999 INCREMENT BY 1 START WITH 21 CACHE 20 NOORDER  NOCYCLE ;
--------------------------------------------------------
--  DDL for Table COMPETITIONS
--------------------------------------------------------

  CREATE TABLE "COMPETITIONSCHEDULER"."COMPETITIONS" 
   (	"ID" NUMBER, 
	"NAME" VARCHAR2(60 BYTE), 
	"DESCRIPTION" VARCHAR2(1000 BYTE), 
	"IMAGE" VARCHAR2(100 BYTE), 
	"DATE_FROM" DATE, 
	"DATE_TO" DATE
   ) SEGMENT CREATION IMMEDIATE 
  PCTFREE 10 PCTUSED 40 INITRANS 1 MAXTRANS 255 NOCOMPRESS LOGGING
  STORAGE(INITIAL 65536 NEXT 1048576 MINEXTENTS 1 MAXEXTENTS 2147483645
  PCTINCREASE 0 FREELISTS 1 FREELIST GROUPS 1 BUFFER_POOL DEFAULT FLASH_CACHE DEFAULT CELL_FLASH_CACHE DEFAULT)
  TABLESPACE "COMPETITIONSCHEDULER" ;
--------------------------------------------------------
--  DDL for Table COUNTRIES
--------------------------------------------------------

  CREATE TABLE "COMPETITIONSCHEDULER"."COUNTRIES" 
   (	"ID" NUMBER, 
	"CODE" VARCHAR2(3 CHAR), 
	"NAME" VARCHAR2(100 BYTE)
   ) SEGMENT CREATION IMMEDIATE 
  PCTFREE 10 PCTUSED 40 INITRANS 1 MAXTRANS 255 NOCOMPRESS LOGGING
  STORAGE(INITIAL 65536 NEXT 1048576 MINEXTENTS 1 MAXEXTENTS 2147483645
  PCTINCREASE 0 FREELISTS 1 FREELIST GROUPS 1 BUFFER_POOL DEFAULT FLASH_CACHE DEFAULT CELL_FLASH_CACHE DEFAULT)
  TABLESPACE "COMPETITIONSCHEDULER" ;
--------------------------------------------------------
--  DDL for Table GROUPS
--------------------------------------------------------

  CREATE TABLE "COMPETITIONSCHEDULER"."GROUPS" 
   (	"ID" NUMBER, 
	"NAME" VARCHAR2(20 BYTE), 
	"COMPETITION_ID_FK" NUMBER
   ) SEGMENT CREATION IMMEDIATE 
  PCTFREE 10 PCTUSED 40 INITRANS 1 MAXTRANS 255 NOCOMPRESS LOGGING
  STORAGE(INITIAL 65536 NEXT 1048576 MINEXTENTS 1 MAXEXTENTS 2147483645
  PCTINCREASE 0 FREELISTS 1 FREELIST GROUPS 1 BUFFER_POOL DEFAULT FLASH_CACHE DEFAULT CELL_FLASH_CACHE DEFAULT)
  TABLESPACE "COMPETITIONSCHEDULER" ;
--------------------------------------------------------
--  DDL for Table GROUPS_MATCHES
--------------------------------------------------------

  CREATE TABLE "COMPETITIONSCHEDULER"."GROUPS_MATCHES" 
   (	"GROUP_ID_FK" NUMBER, 
	"MATCH_ID_FK" NUMBER
   ) SEGMENT CREATION IMMEDIATE 
  PCTFREE 10 PCTUSED 40 INITRANS 1 MAXTRANS 255 NOCOMPRESS LOGGING
  STORAGE(INITIAL 65536 NEXT 1048576 MINEXTENTS 1 MAXEXTENTS 2147483645
  PCTINCREASE 0 FREELISTS 1 FREELIST GROUPS 1 BUFFER_POOL DEFAULT FLASH_CACHE DEFAULT CELL_FLASH_CACHE DEFAULT)
  TABLESPACE "COMPETITIONSCHEDULER" ;
--------------------------------------------------------
--  DDL for Table GROUPS_TEAMS
--------------------------------------------------------

  CREATE TABLE "COMPETITIONSCHEDULER"."GROUPS_TEAMS" 
   (	"GROUP_ID_FK" NUMBER, 
	"TEAM_ID_FK" NUMBER
   ) SEGMENT CREATION IMMEDIATE 
  PCTFREE 10 PCTUSED 40 INITRANS 1 MAXTRANS 255 NOCOMPRESS LOGGING
  STORAGE(INITIAL 65536 NEXT 1048576 MINEXTENTS 1 MAXEXTENTS 2147483645
  PCTINCREASE 0 FREELISTS 1 FREELIST GROUPS 1 BUFFER_POOL DEFAULT FLASH_CACHE DEFAULT CELL_FLASH_CACHE DEFAULT)
  TABLESPACE "COMPETITIONSCHEDULER" ;
--------------------------------------------------------
--  DDL for Table MATCHES
--------------------------------------------------------

  CREATE TABLE "COMPETITIONSCHEDULER"."MATCHES" 
   (	"ID" NUMBER, 
	"HOME_TEAM_ID_FK" NUMBER, 
	"AWAY_TEAM_ID_FK" NUMBER, 
	"HOME_SCORE" NUMBER, 
	"AWAY_SCORE" NUMBER
   ) SEGMENT CREATION IMMEDIATE 
  PCTFREE 10 PCTUSED 40 INITRANS 1 MAXTRANS 255 NOCOMPRESS LOGGING
  STORAGE(INITIAL 65536 NEXT 1048576 MINEXTENTS 1 MAXEXTENTS 2147483645
  PCTINCREASE 0 FREELISTS 1 FREELIST GROUPS 1 BUFFER_POOL DEFAULT FLASH_CACHE DEFAULT CELL_FLASH_CACHE DEFAULT)
  TABLESPACE "COMPETITIONSCHEDULER" ;
--------------------------------------------------------
--  DDL for Table PLAYERS
--------------------------------------------------------

  CREATE TABLE "COMPETITIONSCHEDULER"."PLAYERS" 
   (	"ID" NUMBER, 
	"NAME" VARCHAR2(40 BYTE), 
	"SURNAME" VARCHAR2(50 BYTE), 
	"NICK" VARCHAR2(20 BYTE), 
	"BIRTH_DATE" DATE, 
	"COUNTRY_ID_FK" NUMBER, 
	"TEAM_ID_FK" NUMBER
   ) SEGMENT CREATION IMMEDIATE 
  PCTFREE 10 PCTUSED 40 INITRANS 1 MAXTRANS 255 NOCOMPRESS LOGGING
  STORAGE(INITIAL 65536 NEXT 1048576 MINEXTENTS 1 MAXEXTENTS 2147483645
  PCTINCREASE 0 FREELISTS 1 FREELIST GROUPS 1 BUFFER_POOL DEFAULT FLASH_CACHE DEFAULT CELL_FLASH_CACHE DEFAULT)
  TABLESPACE "COMPETITIONSCHEDULER" ;
--------------------------------------------------------
--  DDL for Table TEAMS
--------------------------------------------------------

  CREATE TABLE "COMPETITIONSCHEDULER"."TEAMS" 
   (	"ID" NUMBER, 
	"NAME" VARCHAR2(20 BYTE), 
	"IMAGE" VARCHAR2(100 BYTE)
   ) SEGMENT CREATION IMMEDIATE 
  PCTFREE 10 PCTUSED 40 INITRANS 1 MAXTRANS 255 NOCOMPRESS LOGGING
  STORAGE(INITIAL 65536 NEXT 1048576 MINEXTENTS 1 MAXEXTENTS 2147483645
  PCTINCREASE 0 FREELISTS 1 FREELIST GROUPS 1 BUFFER_POOL DEFAULT FLASH_CACHE DEFAULT CELL_FLASH_CACHE DEFAULT)
  TABLESPACE "COMPETITIONSCHEDULER" ;
--------------------------------------------------------
--  DDL for Table USERS
--------------------------------------------------------

  CREATE TABLE "COMPETITIONSCHEDULER"."USERS" 
   (	"EMAIL" VARCHAR2(50 BYTE), 
	"USERNAME" VARCHAR2(50 BYTE), 
	"PASSWORD" VARCHAR2(40 BYTE)
   ) SEGMENT CREATION IMMEDIATE 
  PCTFREE 10 PCTUSED 40 INITRANS 1 MAXTRANS 255 NOCOMPRESS LOGGING
  STORAGE(INITIAL 65536 NEXT 1048576 MINEXTENTS 1 MAXEXTENTS 2147483645
  PCTINCREASE 0 FREELISTS 1 FREELIST GROUPS 1 BUFFER_POOL DEFAULT FLASH_CACHE DEFAULT CELL_FLASH_CACHE DEFAULT)
  TABLESPACE "COMPETITIONSCHEDULER" ;
REM INSERTING into COMPETITIONSCHEDULER.COMPETITIONS
SET DEFINE OFF;
Insert into COMPETITIONSCHEDULER.COMPETITIONS (ID,NAME,DESCRIPTION,IMAGE,DATE_FROM,DATE_TO) values ('3','dsad','sa',null,to_date('13/01/01','RR/MM/DD'),to_date('13/01/10','RR/MM/DD'));
Insert into COMPETITIONSCHEDULER.COMPETITIONS (ID,NAME,DESCRIPTION,IMAGE,DATE_FROM,DATE_TO) values ('1','Mistrzostwa Œwiata','Mistrzostwa Œwiata 2014 w pilce no¿nej w Brazyli',null,null,null);
Insert into COMPETITIONSCHEDULER.COMPETITIONS (ID,NAME,DESCRIPTION,IMAGE,DATE_FROM,DATE_TO) values ('2','Liga Mistrzów','Champions League - Liga Mistrzów',null,null,null);
REM INSERTING into COMPETITIONSCHEDULER.COUNTRIES
SET DEFINE OFF;
Insert into COMPETITIONSCHEDULER.COUNTRIES (ID,CODE,NAME) values ('1','POL','Polska');
REM INSERTING into COMPETITIONSCHEDULER.GROUPS
SET DEFINE OFF;
Insert into COMPETITIONSCHEDULER.GROUPS (ID,NAME,COMPETITION_ID_FK) values ('1','Grupa 0','3');
Insert into COMPETITIONSCHEDULER.GROUPS (ID,NAME,COMPETITION_ID_FK) values ('2','Grupa 1','3');
REM INSERTING into COMPETITIONSCHEDULER.GROUPS_MATCHES
SET DEFINE OFF;
Insert into COMPETITIONSCHEDULER.GROUPS_MATCHES (GROUP_ID_FK,MATCH_ID_FK) values ('1','1');
Insert into COMPETITIONSCHEDULER.GROUPS_MATCHES (GROUP_ID_FK,MATCH_ID_FK) values ('1','2');
Insert into COMPETITIONSCHEDULER.GROUPS_MATCHES (GROUP_ID_FK,MATCH_ID_FK) values ('1','3');
Insert into COMPETITIONSCHEDULER.GROUPS_MATCHES (GROUP_ID_FK,MATCH_ID_FK) values ('1','4');
Insert into COMPETITIONSCHEDULER.GROUPS_MATCHES (GROUP_ID_FK,MATCH_ID_FK) values ('1','5');
Insert into COMPETITIONSCHEDULER.GROUPS_MATCHES (GROUP_ID_FK,MATCH_ID_FK) values ('1','6');
Insert into COMPETITIONSCHEDULER.GROUPS_MATCHES (GROUP_ID_FK,MATCH_ID_FK) values ('1','7');
Insert into COMPETITIONSCHEDULER.GROUPS_MATCHES (GROUP_ID_FK,MATCH_ID_FK) values ('1','8');
Insert into COMPETITIONSCHEDULER.GROUPS_MATCHES (GROUP_ID_FK,MATCH_ID_FK) values ('1','9');
Insert into COMPETITIONSCHEDULER.GROUPS_MATCHES (GROUP_ID_FK,MATCH_ID_FK) values ('1','10');
Insert into COMPETITIONSCHEDULER.GROUPS_MATCHES (GROUP_ID_FK,MATCH_ID_FK) values ('1','11');
Insert into COMPETITIONSCHEDULER.GROUPS_MATCHES (GROUP_ID_FK,MATCH_ID_FK) values ('1','12');
Insert into COMPETITIONSCHEDULER.GROUPS_MATCHES (GROUP_ID_FK,MATCH_ID_FK) values ('2','13');
Insert into COMPETITIONSCHEDULER.GROUPS_MATCHES (GROUP_ID_FK,MATCH_ID_FK) values ('2','14');
Insert into COMPETITIONSCHEDULER.GROUPS_MATCHES (GROUP_ID_FK,MATCH_ID_FK) values ('2','15');
Insert into COMPETITIONSCHEDULER.GROUPS_MATCHES (GROUP_ID_FK,MATCH_ID_FK) values ('2','16');
Insert into COMPETITIONSCHEDULER.GROUPS_MATCHES (GROUP_ID_FK,MATCH_ID_FK) values ('2','17');
Insert into COMPETITIONSCHEDULER.GROUPS_MATCHES (GROUP_ID_FK,MATCH_ID_FK) values ('2','18');
Insert into COMPETITIONSCHEDULER.GROUPS_MATCHES (GROUP_ID_FK,MATCH_ID_FK) values ('2','19');
Insert into COMPETITIONSCHEDULER.GROUPS_MATCHES (GROUP_ID_FK,MATCH_ID_FK) values ('2','20');
Insert into COMPETITIONSCHEDULER.GROUPS_MATCHES (GROUP_ID_FK,MATCH_ID_FK) values ('2','21');
Insert into COMPETITIONSCHEDULER.GROUPS_MATCHES (GROUP_ID_FK,MATCH_ID_FK) values ('2','22');
Insert into COMPETITIONSCHEDULER.GROUPS_MATCHES (GROUP_ID_FK,MATCH_ID_FK) values ('2','23');
Insert into COMPETITIONSCHEDULER.GROUPS_MATCHES (GROUP_ID_FK,MATCH_ID_FK) values ('2','24');
REM INSERTING into COMPETITIONSCHEDULER.GROUPS_TEAMS
SET DEFINE OFF;
Insert into COMPETITIONSCHEDULER.GROUPS_TEAMS (GROUP_ID_FK,TEAM_ID_FK) values ('1','4');
Insert into COMPETITIONSCHEDULER.GROUPS_TEAMS (GROUP_ID_FK,TEAM_ID_FK) values ('1','5');
Insert into COMPETITIONSCHEDULER.GROUPS_TEAMS (GROUP_ID_FK,TEAM_ID_FK) values ('1','7');
Insert into COMPETITIONSCHEDULER.GROUPS_TEAMS (GROUP_ID_FK,TEAM_ID_FK) values ('1','9');
Insert into COMPETITIONSCHEDULER.GROUPS_TEAMS (GROUP_ID_FK,TEAM_ID_FK) values ('2','3');
Insert into COMPETITIONSCHEDULER.GROUPS_TEAMS (GROUP_ID_FK,TEAM_ID_FK) values ('2','6');
Insert into COMPETITIONSCHEDULER.GROUPS_TEAMS (GROUP_ID_FK,TEAM_ID_FK) values ('2','10');
Insert into COMPETITIONSCHEDULER.GROUPS_TEAMS (GROUP_ID_FK,TEAM_ID_FK) values ('2','11');
REM INSERTING into COMPETITIONSCHEDULER.MATCHES
SET DEFINE OFF;
Insert into COMPETITIONSCHEDULER.MATCHES (ID,HOME_TEAM_ID_FK,AWAY_TEAM_ID_FK,HOME_SCORE,AWAY_SCORE) values ('1','5','7',null,null);
Insert into COMPETITIONSCHEDULER.MATCHES (ID,HOME_TEAM_ID_FK,AWAY_TEAM_ID_FK,HOME_SCORE,AWAY_SCORE) values ('2','5','4',null,null);
Insert into COMPETITIONSCHEDULER.MATCHES (ID,HOME_TEAM_ID_FK,AWAY_TEAM_ID_FK,HOME_SCORE,AWAY_SCORE) values ('3','5','9',null,null);
Insert into COMPETITIONSCHEDULER.MATCHES (ID,HOME_TEAM_ID_FK,AWAY_TEAM_ID_FK,HOME_SCORE,AWAY_SCORE) values ('4','7','5',null,null);
Insert into COMPETITIONSCHEDULER.MATCHES (ID,HOME_TEAM_ID_FK,AWAY_TEAM_ID_FK,HOME_SCORE,AWAY_SCORE) values ('5','7','4',null,null);
Insert into COMPETITIONSCHEDULER.MATCHES (ID,HOME_TEAM_ID_FK,AWAY_TEAM_ID_FK,HOME_SCORE,AWAY_SCORE) values ('6','7','9',null,null);
Insert into COMPETITIONSCHEDULER.MATCHES (ID,HOME_TEAM_ID_FK,AWAY_TEAM_ID_FK,HOME_SCORE,AWAY_SCORE) values ('7','4','5',null,null);
Insert into COMPETITIONSCHEDULER.MATCHES (ID,HOME_TEAM_ID_FK,AWAY_TEAM_ID_FK,HOME_SCORE,AWAY_SCORE) values ('8','4','7',null,null);
Insert into COMPETITIONSCHEDULER.MATCHES (ID,HOME_TEAM_ID_FK,AWAY_TEAM_ID_FK,HOME_SCORE,AWAY_SCORE) values ('9','4','9',null,null);
Insert into COMPETITIONSCHEDULER.MATCHES (ID,HOME_TEAM_ID_FK,AWAY_TEAM_ID_FK,HOME_SCORE,AWAY_SCORE) values ('10','9','5',null,null);
Insert into COMPETITIONSCHEDULER.MATCHES (ID,HOME_TEAM_ID_FK,AWAY_TEAM_ID_FK,HOME_SCORE,AWAY_SCORE) values ('11','9','7',null,null);
Insert into COMPETITIONSCHEDULER.MATCHES (ID,HOME_TEAM_ID_FK,AWAY_TEAM_ID_FK,HOME_SCORE,AWAY_SCORE) values ('12','9','4',null,null);
Insert into COMPETITIONSCHEDULER.MATCHES (ID,HOME_TEAM_ID_FK,AWAY_TEAM_ID_FK,HOME_SCORE,AWAY_SCORE) values ('13','11','3',null,null);
Insert into COMPETITIONSCHEDULER.MATCHES (ID,HOME_TEAM_ID_FK,AWAY_TEAM_ID_FK,HOME_SCORE,AWAY_SCORE) values ('14','11','10',null,null);
Insert into COMPETITIONSCHEDULER.MATCHES (ID,HOME_TEAM_ID_FK,AWAY_TEAM_ID_FK,HOME_SCORE,AWAY_SCORE) values ('15','11','6',null,null);
Insert into COMPETITIONSCHEDULER.MATCHES (ID,HOME_TEAM_ID_FK,AWAY_TEAM_ID_FK,HOME_SCORE,AWAY_SCORE) values ('16','3','11',null,null);
Insert into COMPETITIONSCHEDULER.MATCHES (ID,HOME_TEAM_ID_FK,AWAY_TEAM_ID_FK,HOME_SCORE,AWAY_SCORE) values ('17','3','10',null,null);
Insert into COMPETITIONSCHEDULER.MATCHES (ID,HOME_TEAM_ID_FK,AWAY_TEAM_ID_FK,HOME_SCORE,AWAY_SCORE) values ('18','3','6',null,null);
Insert into COMPETITIONSCHEDULER.MATCHES (ID,HOME_TEAM_ID_FK,AWAY_TEAM_ID_FK,HOME_SCORE,AWAY_SCORE) values ('19','10','11',null,null);
Insert into COMPETITIONSCHEDULER.MATCHES (ID,HOME_TEAM_ID_FK,AWAY_TEAM_ID_FK,HOME_SCORE,AWAY_SCORE) values ('20','10','3',null,null);
Insert into COMPETITIONSCHEDULER.MATCHES (ID,HOME_TEAM_ID_FK,AWAY_TEAM_ID_FK,HOME_SCORE,AWAY_SCORE) values ('21','10','6',null,null);
Insert into COMPETITIONSCHEDULER.MATCHES (ID,HOME_TEAM_ID_FK,AWAY_TEAM_ID_FK,HOME_SCORE,AWAY_SCORE) values ('22','6','11',null,null);
Insert into COMPETITIONSCHEDULER.MATCHES (ID,HOME_TEAM_ID_FK,AWAY_TEAM_ID_FK,HOME_SCORE,AWAY_SCORE) values ('23','6','3',null,null);
Insert into COMPETITIONSCHEDULER.MATCHES (ID,HOME_TEAM_ID_FK,AWAY_TEAM_ID_FK,HOME_SCORE,AWAY_SCORE) values ('24','6','10',null,null);
REM INSERTING into COMPETITIONSCHEDULER.PLAYERS
SET DEFINE OFF;
REM INSERTING into COMPETITIONSCHEDULER.TEAMS
SET DEFINE OFF;
Insert into COMPETITIONSCHEDULER.TEAMS (ID,NAME,IMAGE) values ('1','Real Madryt',null);
Insert into COMPETITIONSCHEDULER.TEAMS (ID,NAME,IMAGE) values ('2','FC Barcelona',null);
Insert into COMPETITIONSCHEDULER.TEAMS (ID,NAME,IMAGE) values ('3','AC Milan',null);
Insert into COMPETITIONSCHEDULER.TEAMS (ID,NAME,IMAGE) values ('4','Juventus Turyn',null);
Insert into COMPETITIONSCHEDULER.TEAMS (ID,NAME,IMAGE) values ('5','Arsenal',null);
Insert into COMPETITIONSCHEDULER.TEAMS (ID,NAME,IMAGE) values ('6','Borussia Dortmund',null);
Insert into COMPETITIONSCHEDULER.TEAMS (ID,NAME,IMAGE) values ('7','Inter Mediolan',null);
Insert into COMPETITIONSCHEDULER.TEAMS (ID,NAME,IMAGE) values ('8','Bayern Monachium',null);
Insert into COMPETITIONSCHEDULER.TEAMS (ID,NAME,IMAGE) values ('9','Manchester United',null);
Insert into COMPETITIONSCHEDULER.TEAMS (ID,NAME,IMAGE) values ('10','Manchester City',null);
Insert into COMPETITIONSCHEDULER.TEAMS (ID,NAME,IMAGE) values ('11','Liverpool FC',null);
REM INSERTING into COMPETITIONSCHEDULER.USERS
SET DEFINE OFF;
Insert into COMPETITIONSCHEDULER.USERS (EMAIL,USERNAME,PASSWORD) values ('test@test.pl','tester','a94a8fe5ccb19ba61c4c0873d391e987982fbbd3');
Insert into COMPETITIONSCHEDULER.USERS (EMAIL,USERNAME,PASSWORD) values ('abc@abc.pl','teeest','a94a8fe5ccb19ba61c4c0873d391e987982fbbd3');
--------------------------------------------------------
--  DDL for Index GROUPS_MATCHES_PK
--------------------------------------------------------

  CREATE UNIQUE INDEX "COMPETITIONSCHEDULER"."GROUPS_MATCHES_PK" ON "COMPETITIONSCHEDULER"."GROUPS_MATCHES" ("GROUP_ID_FK", "MATCH_ID_FK") 
  PCTFREE 10 INITRANS 2 MAXTRANS 255 
  STORAGE(INITIAL 65536 NEXT 1048576 MINEXTENTS 1 MAXEXTENTS 2147483645
  PCTINCREASE 0 FREELISTS 1 FREELIST GROUPS 1 BUFFER_POOL DEFAULT FLASH_CACHE DEFAULT CELL_FLASH_CACHE DEFAULT)
  TABLESPACE "COMPETITIONSCHEDULER" ;
--------------------------------------------------------
--  DDL for Index TEAMS_PK
--------------------------------------------------------

  CREATE UNIQUE INDEX "COMPETITIONSCHEDULER"."TEAMS_PK" ON "COMPETITIONSCHEDULER"."TEAMS" ("ID") 
  PCTFREE 10 INITRANS 2 MAXTRANS 255 COMPUTE STATISTICS 
  STORAGE(INITIAL 65536 NEXT 1048576 MINEXTENTS 1 MAXEXTENTS 2147483645
  PCTINCREASE 0 FREELISTS 1 FREELIST GROUPS 1 BUFFER_POOL DEFAULT FLASH_CACHE DEFAULT CELL_FLASH_CACHE DEFAULT)
  TABLESPACE "COMPETITIONSCHEDULER" ;
--------------------------------------------------------
--  DDL for Index GROUPS_TEAMS_PK
--------------------------------------------------------

  CREATE UNIQUE INDEX "COMPETITIONSCHEDULER"."GROUPS_TEAMS_PK" ON "COMPETITIONSCHEDULER"."GROUPS_TEAMS" ("GROUP_ID_FK", "TEAM_ID_FK") 
  PCTFREE 10 INITRANS 2 MAXTRANS 255 
  STORAGE(INITIAL 65536 NEXT 1048576 MINEXTENTS 1 MAXEXTENTS 2147483645
  PCTINCREASE 0 FREELISTS 1 FREELIST GROUPS 1 BUFFER_POOL DEFAULT FLASH_CACHE DEFAULT CELL_FLASH_CACHE DEFAULT)
  TABLESPACE "COMPETITIONSCHEDULER" ;
--------------------------------------------------------
--  DDL for Index PLAYERS_PK
--------------------------------------------------------

  CREATE UNIQUE INDEX "COMPETITIONSCHEDULER"."PLAYERS_PK" ON "COMPETITIONSCHEDULER"."PLAYERS" ("ID") 
  PCTFREE 10 INITRANS 2 MAXTRANS 255 COMPUTE STATISTICS 
  STORAGE(INITIAL 65536 NEXT 1048576 MINEXTENTS 1 MAXEXTENTS 2147483645
  PCTINCREASE 0 FREELISTS 1 FREELIST GROUPS 1 BUFFER_POOL DEFAULT FLASH_CACHE DEFAULT CELL_FLASH_CACHE DEFAULT)
  TABLESPACE "COMPETITIONSCHEDULER" ;
--------------------------------------------------------
--  DDL for Index COUNTRIES_UK1
--------------------------------------------------------

  CREATE UNIQUE INDEX "COMPETITIONSCHEDULER"."COUNTRIES_UK1" ON "COMPETITIONSCHEDULER"."COUNTRIES" ("CODE") 
  PCTFREE 10 INITRANS 2 MAXTRANS 255 COMPUTE STATISTICS 
  STORAGE(INITIAL 65536 NEXT 1048576 MINEXTENTS 1 MAXEXTENTS 2147483645
  PCTINCREASE 0 FREELISTS 1 FREELIST GROUPS 1 BUFFER_POOL DEFAULT FLASH_CACHE DEFAULT CELL_FLASH_CACHE DEFAULT)
  TABLESPACE "COMPETITIONSCHEDULER" ;
--------------------------------------------------------
--  DDL for Index GROUPS_PK
--------------------------------------------------------

  CREATE UNIQUE INDEX "COMPETITIONSCHEDULER"."GROUPS_PK" ON "COMPETITIONSCHEDULER"."GROUPS" ("ID") 
  PCTFREE 10 INITRANS 2 MAXTRANS 255 
  STORAGE(INITIAL 65536 NEXT 1048576 MINEXTENTS 1 MAXEXTENTS 2147483645
  PCTINCREASE 0 FREELISTS 1 FREELIST GROUPS 1 BUFFER_POOL DEFAULT FLASH_CACHE DEFAULT CELL_FLASH_CACHE DEFAULT)
  TABLESPACE "COMPETITIONSCHEDULER" ;
--------------------------------------------------------
--  DDL for Index MATCHES_PK
--------------------------------------------------------

  CREATE UNIQUE INDEX "COMPETITIONSCHEDULER"."MATCHES_PK" ON "COMPETITIONSCHEDULER"."MATCHES" ("ID") 
  PCTFREE 10 INITRANS 2 MAXTRANS 255 
  STORAGE(INITIAL 65536 NEXT 1048576 MINEXTENTS 1 MAXEXTENTS 2147483645
  PCTINCREASE 0 FREELISTS 1 FREELIST GROUPS 1 BUFFER_POOL DEFAULT FLASH_CACHE DEFAULT CELL_FLASH_CACHE DEFAULT)
  TABLESPACE "COMPETITIONSCHEDULER" ;
--------------------------------------------------------
--  DDL for Index USERS_PK
--------------------------------------------------------

  CREATE UNIQUE INDEX "COMPETITIONSCHEDULER"."USERS_PK" ON "COMPETITIONSCHEDULER"."USERS" ("EMAIL") 
  PCTFREE 10 INITRANS 2 MAXTRANS 255 COMPUTE STATISTICS 
  STORAGE(INITIAL 65536 NEXT 1048576 MINEXTENTS 1 MAXEXTENTS 2147483645
  PCTINCREASE 0 FREELISTS 1 FREELIST GROUPS 1 BUFFER_POOL DEFAULT FLASH_CACHE DEFAULT CELL_FLASH_CACHE DEFAULT)
  TABLESPACE "COMPETITIONSCHEDULER" ;
--------------------------------------------------------
--  DDL for Index COMPETITIONS_PK
--------------------------------------------------------

  CREATE UNIQUE INDEX "COMPETITIONSCHEDULER"."COMPETITIONS_PK" ON "COMPETITIONSCHEDULER"."COMPETITIONS" ("ID") 
  PCTFREE 10 INITRANS 2 MAXTRANS 255 COMPUTE STATISTICS 
  STORAGE(INITIAL 65536 NEXT 1048576 MINEXTENTS 1 MAXEXTENTS 2147483645
  PCTINCREASE 0 FREELISTS 1 FREELIST GROUPS 1 BUFFER_POOL DEFAULT FLASH_CACHE DEFAULT CELL_FLASH_CACHE DEFAULT)
  TABLESPACE "COMPETITIONSCHEDULER" ;
--------------------------------------------------------
--  DDL for Index COUNTRIES_PK
--------------------------------------------------------

  CREATE UNIQUE INDEX "COMPETITIONSCHEDULER"."COUNTRIES_PK" ON "COMPETITIONSCHEDULER"."COUNTRIES" ("ID") 
  PCTFREE 10 INITRANS 2 MAXTRANS 255 COMPUTE STATISTICS 
  STORAGE(INITIAL 65536 NEXT 1048576 MINEXTENTS 1 MAXEXTENTS 2147483645
  PCTINCREASE 0 FREELISTS 1 FREELIST GROUPS 1 BUFFER_POOL DEFAULT FLASH_CACHE DEFAULT CELL_FLASH_CACHE DEFAULT)
  TABLESPACE "COMPETITIONSCHEDULER" ;
--------------------------------------------------------
--  Constraints for Table MATCHES
--------------------------------------------------------

  ALTER TABLE "COMPETITIONSCHEDULER"."MATCHES" ADD CONSTRAINT "MATCHES_PK" PRIMARY KEY ("ID")
  USING INDEX PCTFREE 10 INITRANS 2 MAXTRANS 255 
  STORAGE(INITIAL 65536 NEXT 1048576 MINEXTENTS 1 MAXEXTENTS 2147483645
  PCTINCREASE 0 FREELISTS 1 FREELIST GROUPS 1 BUFFER_POOL DEFAULT FLASH_CACHE DEFAULT CELL_FLASH_CACHE DEFAULT)
  TABLESPACE "COMPETITIONSCHEDULER"  ENABLE;
  ALTER TABLE "COMPETITIONSCHEDULER"."MATCHES" MODIFY ("ID" NOT NULL ENABLE);
--------------------------------------------------------
--  Constraints for Table COUNTRIES
--------------------------------------------------------

  ALTER TABLE "COMPETITIONSCHEDULER"."COUNTRIES" ADD CONSTRAINT "COUNTRIES_UK1" UNIQUE ("CODE")
  USING INDEX PCTFREE 10 INITRANS 2 MAXTRANS 255 COMPUTE STATISTICS 
  STORAGE(INITIAL 65536 NEXT 1048576 MINEXTENTS 1 MAXEXTENTS 2147483645
  PCTINCREASE 0 FREELISTS 1 FREELIST GROUPS 1 BUFFER_POOL DEFAULT FLASH_CACHE DEFAULT CELL_FLASH_CACHE DEFAULT)
  TABLESPACE "COMPETITIONSCHEDULER"  ENABLE;
  ALTER TABLE "COMPETITIONSCHEDULER"."COUNTRIES" ADD CONSTRAINT "COUNTRIES_PK" PRIMARY KEY ("ID")
  USING INDEX PCTFREE 10 INITRANS 2 MAXTRANS 255 COMPUTE STATISTICS 
  STORAGE(INITIAL 65536 NEXT 1048576 MINEXTENTS 1 MAXEXTENTS 2147483645
  PCTINCREASE 0 FREELISTS 1 FREELIST GROUPS 1 BUFFER_POOL DEFAULT FLASH_CACHE DEFAULT CELL_FLASH_CACHE DEFAULT)
  TABLESPACE "COMPETITIONSCHEDULER"  ENABLE;
  ALTER TABLE "COMPETITIONSCHEDULER"."COUNTRIES" MODIFY ("NAME" NOT NULL ENABLE);
  ALTER TABLE "COMPETITIONSCHEDULER"."COUNTRIES" MODIFY ("CODE" NOT NULL ENABLE);
  ALTER TABLE "COMPETITIONSCHEDULER"."COUNTRIES" MODIFY ("ID" NOT NULL ENABLE);
--------------------------------------------------------
--  Constraints for Table GROUPS
--------------------------------------------------------

  ALTER TABLE "COMPETITIONSCHEDULER"."GROUPS" ADD CONSTRAINT "GROUPS_PK" PRIMARY KEY ("ID")
  USING INDEX PCTFREE 10 INITRANS 2 MAXTRANS 255 
  STORAGE(INITIAL 65536 NEXT 1048576 MINEXTENTS 1 MAXEXTENTS 2147483645
  PCTINCREASE 0 FREELISTS 1 FREELIST GROUPS 1 BUFFER_POOL DEFAULT FLASH_CACHE DEFAULT CELL_FLASH_CACHE DEFAULT)
  TABLESPACE "COMPETITIONSCHEDULER"  ENABLE;
  ALTER TABLE "COMPETITIONSCHEDULER"."GROUPS" MODIFY ("NAME" NOT NULL ENABLE);
  ALTER TABLE "COMPETITIONSCHEDULER"."GROUPS" MODIFY ("ID" NOT NULL ENABLE);
--------------------------------------------------------
--  Constraints for Table TEAMS
--------------------------------------------------------

  ALTER TABLE "COMPETITIONSCHEDULER"."TEAMS" ADD CONSTRAINT "TEAMS_PK" PRIMARY KEY ("ID")
  USING INDEX PCTFREE 10 INITRANS 2 MAXTRANS 255 COMPUTE STATISTICS 
  STORAGE(INITIAL 65536 NEXT 1048576 MINEXTENTS 1 MAXEXTENTS 2147483645
  PCTINCREASE 0 FREELISTS 1 FREELIST GROUPS 1 BUFFER_POOL DEFAULT FLASH_CACHE DEFAULT CELL_FLASH_CACHE DEFAULT)
  TABLESPACE "COMPETITIONSCHEDULER"  ENABLE;
  ALTER TABLE "COMPETITIONSCHEDULER"."TEAMS" MODIFY ("NAME" NOT NULL ENABLE);
  ALTER TABLE "COMPETITIONSCHEDULER"."TEAMS" MODIFY ("ID" NOT NULL ENABLE);
--------------------------------------------------------
--  Constraints for Table PLAYERS
--------------------------------------------------------

  ALTER TABLE "COMPETITIONSCHEDULER"."PLAYERS" ADD CONSTRAINT "PLAYERS_PK" PRIMARY KEY ("ID")
  USING INDEX PCTFREE 10 INITRANS 2 MAXTRANS 255 COMPUTE STATISTICS 
  STORAGE(INITIAL 65536 NEXT 1048576 MINEXTENTS 1 MAXEXTENTS 2147483645
  PCTINCREASE 0 FREELISTS 1 FREELIST GROUPS 1 BUFFER_POOL DEFAULT FLASH_CACHE DEFAULT CELL_FLASH_CACHE DEFAULT)
  TABLESPACE "COMPETITIONSCHEDULER"  ENABLE;
  ALTER TABLE "COMPETITIONSCHEDULER"."PLAYERS" MODIFY ("SURNAME" NOT NULL ENABLE);
  ALTER TABLE "COMPETITIONSCHEDULER"."PLAYERS" MODIFY ("NAME" NOT NULL ENABLE);
  ALTER TABLE "COMPETITIONSCHEDULER"."PLAYERS" MODIFY ("ID" NOT NULL ENABLE);
--------------------------------------------------------
--  Constraints for Table GROUPS_MATCHES
--------------------------------------------------------

  ALTER TABLE "COMPETITIONSCHEDULER"."GROUPS_MATCHES" ADD CONSTRAINT "GROUPS_MATCHES_PK" PRIMARY KEY ("GROUP_ID_FK", "MATCH_ID_FK")
  USING INDEX PCTFREE 10 INITRANS 2 MAXTRANS 255 
  STORAGE(INITIAL 65536 NEXT 1048576 MINEXTENTS 1 MAXEXTENTS 2147483645
  PCTINCREASE 0 FREELISTS 1 FREELIST GROUPS 1 BUFFER_POOL DEFAULT FLASH_CACHE DEFAULT CELL_FLASH_CACHE DEFAULT)
  TABLESPACE "COMPETITIONSCHEDULER"  ENABLE;
  ALTER TABLE "COMPETITIONSCHEDULER"."GROUPS_MATCHES" MODIFY ("MATCH_ID_FK" NOT NULL ENABLE);
  ALTER TABLE "COMPETITIONSCHEDULER"."GROUPS_MATCHES" MODIFY ("GROUP_ID_FK" NOT NULL ENABLE);
--------------------------------------------------------
--  Constraints for Table USERS
--------------------------------------------------------

  ALTER TABLE "COMPETITIONSCHEDULER"."USERS" ADD CONSTRAINT "USERS_PK" PRIMARY KEY ("EMAIL")
  USING INDEX PCTFREE 10 INITRANS 2 MAXTRANS 255 COMPUTE STATISTICS 
  STORAGE(INITIAL 65536 NEXT 1048576 MINEXTENTS 1 MAXEXTENTS 2147483645
  PCTINCREASE 0 FREELISTS 1 FREELIST GROUPS 1 BUFFER_POOL DEFAULT FLASH_CACHE DEFAULT CELL_FLASH_CACHE DEFAULT)
  TABLESPACE "COMPETITIONSCHEDULER"  ENABLE;
  ALTER TABLE "COMPETITIONSCHEDULER"."USERS" MODIFY ("PASSWORD" NOT NULL ENABLE);
  ALTER TABLE "COMPETITIONSCHEDULER"."USERS" MODIFY ("USERNAME" NOT NULL ENABLE);
  ALTER TABLE "COMPETITIONSCHEDULER"."USERS" MODIFY ("EMAIL" NOT NULL ENABLE);
--------------------------------------------------------
--  Constraints for Table GROUPS_TEAMS
--------------------------------------------------------

  ALTER TABLE "COMPETITIONSCHEDULER"."GROUPS_TEAMS" ADD CONSTRAINT "GROUPS_TEAMS_PK" PRIMARY KEY ("GROUP_ID_FK", "TEAM_ID_FK")
  USING INDEX PCTFREE 10 INITRANS 2 MAXTRANS 255 
  STORAGE(INITIAL 65536 NEXT 1048576 MINEXTENTS 1 MAXEXTENTS 2147483645
  PCTINCREASE 0 FREELISTS 1 FREELIST GROUPS 1 BUFFER_POOL DEFAULT FLASH_CACHE DEFAULT CELL_FLASH_CACHE DEFAULT)
  TABLESPACE "COMPETITIONSCHEDULER"  ENABLE;
  ALTER TABLE "COMPETITIONSCHEDULER"."GROUPS_TEAMS" MODIFY ("TEAM_ID_FK" NOT NULL ENABLE);
  ALTER TABLE "COMPETITIONSCHEDULER"."GROUPS_TEAMS" MODIFY ("GROUP_ID_FK" NOT NULL ENABLE);
--------------------------------------------------------
--  Constraints for Table COMPETITIONS
--------------------------------------------------------

  ALTER TABLE "COMPETITIONSCHEDULER"."COMPETITIONS" ADD CONSTRAINT "COMPETITIONS_PK" PRIMARY KEY ("ID")
  USING INDEX PCTFREE 10 INITRANS 2 MAXTRANS 255 COMPUTE STATISTICS 
  STORAGE(INITIAL 65536 NEXT 1048576 MINEXTENTS 1 MAXEXTENTS 2147483645
  PCTINCREASE 0 FREELISTS 1 FREELIST GROUPS 1 BUFFER_POOL DEFAULT FLASH_CACHE DEFAULT CELL_FLASH_CACHE DEFAULT)
  TABLESPACE "COMPETITIONSCHEDULER"  ENABLE;
  ALTER TABLE "COMPETITIONSCHEDULER"."COMPETITIONS" MODIFY ("NAME" NOT NULL ENABLE);
  ALTER TABLE "COMPETITIONSCHEDULER"."COMPETITIONS" MODIFY ("ID" NOT NULL ENABLE);
--------------------------------------------------------
--  Ref Constraints for Table GROUPS
--------------------------------------------------------

  ALTER TABLE "COMPETITIONSCHEDULER"."GROUPS" ADD CONSTRAINT "GROUPS_COMPETITIONS_FK1" FOREIGN KEY ("COMPETITION_ID_FK")
	  REFERENCES "COMPETITIONSCHEDULER"."COMPETITIONS" ("ID") ENABLE;
--------------------------------------------------------
--  Ref Constraints for Table GROUPS_MATCHES
--------------------------------------------------------

  ALTER TABLE "COMPETITIONSCHEDULER"."GROUPS_MATCHES" ADD CONSTRAINT "GROUPS_MATCHES_GROUPS_FK1" FOREIGN KEY ("GROUP_ID_FK")
	  REFERENCES "COMPETITIONSCHEDULER"."GROUPS" ("ID") ENABLE;
  ALTER TABLE "COMPETITIONSCHEDULER"."GROUPS_MATCHES" ADD CONSTRAINT "GROUPS_MATCHES_MATCHES_FK1" FOREIGN KEY ("MATCH_ID_FK")
	  REFERENCES "COMPETITIONSCHEDULER"."MATCHES" ("ID") ENABLE;
--------------------------------------------------------
--  Ref Constraints for Table GROUPS_TEAMS
--------------------------------------------------------

  ALTER TABLE "COMPETITIONSCHEDULER"."GROUPS_TEAMS" ADD CONSTRAINT "GROUPS_TEAMS_GROUPS_FK1" FOREIGN KEY ("GROUP_ID_FK")
	  REFERENCES "COMPETITIONSCHEDULER"."GROUPS" ("ID") ENABLE;
  ALTER TABLE "COMPETITIONSCHEDULER"."GROUPS_TEAMS" ADD CONSTRAINT "GROUPS_TEAMS_TEAMS_FK1" FOREIGN KEY ("TEAM_ID_FK")
	  REFERENCES "COMPETITIONSCHEDULER"."TEAMS" ("ID") ENABLE;
--------------------------------------------------------
--  Ref Constraints for Table MATCHES
--------------------------------------------------------

  ALTER TABLE "COMPETITIONSCHEDULER"."MATCHES" ADD CONSTRAINT "MATCHES_TEAMS_FK1" FOREIGN KEY ("HOME_TEAM_ID_FK")
	  REFERENCES "COMPETITIONSCHEDULER"."TEAMS" ("ID") ENABLE;
  ALTER TABLE "COMPETITIONSCHEDULER"."MATCHES" ADD CONSTRAINT "MATCHES_TEAMS_FK2" FOREIGN KEY ("AWAY_TEAM_ID_FK")
	  REFERENCES "COMPETITIONSCHEDULER"."TEAMS" ("ID") ENABLE;
--------------------------------------------------------
--  Ref Constraints for Table PLAYERS
--------------------------------------------------------

  ALTER TABLE "COMPETITIONSCHEDULER"."PLAYERS" ADD CONSTRAINT "PLAYERS_COUNTRIES_FK1" FOREIGN KEY ("COUNTRY_ID_FK")
	  REFERENCES "COMPETITIONSCHEDULER"."COUNTRIES" ("ID") ENABLE;
  ALTER TABLE "COMPETITIONSCHEDULER"."PLAYERS" ADD CONSTRAINT "PLAYERS_TEAMS_FK1" FOREIGN KEY ("TEAM_ID_FK")
	  REFERENCES "COMPETITIONSCHEDULER"."TEAMS" ("ID") ENABLE;
--------------------------------------------------------
--  DDL for Trigger COMP_ID_TRIGGER
--------------------------------------------------------

  CREATE OR REPLACE TRIGGER "COMPETITIONSCHEDULER"."COMP_ID_TRIGGER" 
BEFORE INSERT ON COMPETITIONS 
FOR EACH ROW 
BEGIN
  IF :NEW.ID IS NULL THEN
    SELECT COMP_ID_SEQ.nextval INTO :new.id FROM dual;
  END IF;
END;
/
ALTER TRIGGER "COMPETITIONSCHEDULER"."COMP_ID_TRIGGER" ENABLE;
--------------------------------------------------------
--  DDL for Trigger COUNTRY_ID_TRIGGER
--------------------------------------------------------

  CREATE OR REPLACE TRIGGER "COMPETITIONSCHEDULER"."COUNTRY_ID_TRIGGER" 
BEFORE INSERT ON COUNTRIES 
FOR EACH ROW 
BEGIN
   IF :NEW.ID IS NULL THEN
    SELECT COUNTRY_ID_SEQ.nextval INTO :new.id FROM dual;
  END IF;
END;
/
ALTER TRIGGER "COMPETITIONSCHEDULER"."COUNTRY_ID_TRIGGER" ENABLE;
--------------------------------------------------------
--  DDL for Trigger GROUP_ID_TRIGGER
--------------------------------------------------------

  CREATE OR REPLACE TRIGGER "COMPETITIONSCHEDULER"."GROUP_ID_TRIGGER" 
BEFORE INSERT ON GROUPS 
FOR EACH ROW 
BEGIN
 IF :NEW.ID IS NULL THEN
    SELECT GROUPS_ID_SEQ.nextval INTO :new.id FROM dual;
  END IF;
END;
/
ALTER TRIGGER "COMPETITIONSCHEDULER"."GROUP_ID_TRIGGER" ENABLE;
--------------------------------------------------------
--  DDL for Trigger MATCHES_ID_TRIGGER
--------------------------------------------------------

  CREATE OR REPLACE TRIGGER "COMPETITIONSCHEDULER"."MATCHES_ID_TRIGGER" 
BEFORE INSERT ON MATCHES 
FOR EACH ROW 
BEGIN
  IF :NEW.ID IS NULL THEN
    SELECT MATCHES_ID_SEQ.nextval INTO :new.id FROM dual;
  END IF;
END;
/
ALTER TRIGGER "COMPETITIONSCHEDULER"."MATCHES_ID_TRIGGER" ENABLE;
--------------------------------------------------------
--  DDL for Trigger NEW_USER_TRIGGER
--------------------------------------------------------

  CREATE OR REPLACE TRIGGER "COMPETITIONSCHEDULER"."NEW_USER_TRIGGER" 
BEFORE INSERT ON USERS 
FOR EACH ROW 
DECLARE
exist NUMBER;
BEGIN
  SELECT count(1) INTO exist FROM users WHERE email = :new.email;
  IF exist <> 0 THEN 
   raise_application_error(-20000, 'Registration failed');
   END IF;
  
END;
/
ALTER TRIGGER "COMPETITIONSCHEDULER"."NEW_USER_TRIGGER" ENABLE;
--------------------------------------------------------
--  DDL for Trigger PLAYERS_ID_TRIGGER
--------------------------------------------------------

  CREATE OR REPLACE TRIGGER "COMPETITIONSCHEDULER"."PLAYERS_ID_TRIGGER" 
BEFORE INSERT ON PLAYERS 
FOR EACH ROW 
BEGIN
   IF :NEW.ID IS NULL THEN
    SELECT PLAYERS_ID_SEQ.nextval INTO :new.id FROM dual;
  END IF;
END;
/
ALTER TRIGGER "COMPETITIONSCHEDULER"."PLAYERS_ID_TRIGGER" ENABLE;
--------------------------------------------------------
--  DDL for Trigger TEAMS_ID_TRIGGER
--------------------------------------------------------

  CREATE OR REPLACE TRIGGER "COMPETITIONSCHEDULER"."TEAMS_ID_TRIGGER" 
BEFORE INSERT ON TEAMS 
FOR EACH ROW 
BEGIN
   IF :NEW.ID IS NULL THEN
    SELECT TEAMS_ID_SEQ.nextval INTO :new.id FROM dual;
  END IF;
END;
/
ALTER TRIGGER "COMPETITIONSCHEDULER"."TEAMS_ID_TRIGGER" ENABLE;
--------------------------------------------------------
--  DDL for Package PKG_AUTH
--------------------------------------------------------

  CREATE OR REPLACE PACKAGE "COMPETITIONSCHEDULER"."PKG_AUTH" AS 

  PROCEDURE login(
            pi_email in VARCHAR2,
            pi_password in VARCHAR2,
            po_username out VARCHAR2);

  PROCEDURE reg(
            pi_email in VARCHAR2,
            pi_username in VARCHAR2,
            pi_password in VARCHAR2
  );
  
END PKG_AUTH;

/
--------------------------------------------------------
--  DDL for Package PKG_COMP
--------------------------------------------------------

  CREATE OR REPLACE PACKAGE "COMPETITIONSCHEDULER"."PKG_COMP" AS 

  TYPE  CURSOR_TYPE IS REF CURSOR;

  procedure add (
    pi_name IN VARCHAR2,
    pi_desc IN VARCHAR2,
    pi_dateFrom IN DATE,
    pi_dateTo IN DATE,
    pi_image IN VARCHAR2,
    po_id OUT NUMBER
  );
  
  procedure addGroup (
    pi_name IN VARCHAR2,
    pi_comp_id IN NUMBER,
    po_id OUT NUMBER
  );
  
  procedure addGroupTeam(
    pi_group_id IN NUMBER,
    pi_team_id IN NUMBER
  );
  
  procedure addMatch(
    pi_home_id IN NUMBER,
    pi_away_id IN NUMBER,
    po_id OUT NUMBER
  );
  
  procedure addGroupMatch(
    pi_group_id IN NUMBER,
    pi_match_id IN NUMBER
  );
  
  procedure findAll(
  po_out OUT CURSOR_TYPE
  );
  
  procedure remove(
   pi_id IN NUMBER
  );
  
  procedure get(
    pi_id IN NUMBER,
    po_name OUT VARCHAR2,
    po_desc OUT VARCHAR2,
    po_dateFrom OUT DATE,
    po_dateTo OUT DATE,
    po_image OUT VARCHAR2,
    po_groups OUT CURSOR_TYPE
  );


   procedure findAllTeams(
   po_out OUT CURSOR_TYPE
   );
END PKG_COMP;

/
--------------------------------------------------------
--  DDL for Package PKG_DICT
--------------------------------------------------------

  CREATE OR REPLACE PACKAGE "COMPETITIONSCHEDULER"."PKG_DICT" AS 

  TYPE  CURSOR_TYPE IS REF CURSOR;

  PROCEDURE getCountries (
      po_result OUT CURSOR_TYPE
  );

END PKG_DICT;

/
--------------------------------------------------------
--  DDL for Package Body PKG_AUTH
--------------------------------------------------------

  CREATE OR REPLACE PACKAGE BODY "COMPETITIONSCHEDULER"."PKG_AUTH" AS

  PROCEDURE login(
            pi_email in VARCHAR2,
            pi_password in VARCHAR2,
            po_username out VARCHAR2) AS
            AUTH_FAILED exception;
  BEGIN
    SELECT username INTO po_username FROM users WHERE email = pi_email AND password = pi_password;
    EXCEPTION
       When NO_DATA_FOUND Then
       Raise AUTH_FAILED;

  END login;

  PROCEDURE reg(
            pi_email in VARCHAR2,
            pi_username in VARCHAR2,
            pi_password in VARCHAR2
  ) AS
  BEGIN
    INSERT INTO users VALUES(pi_email,pi_username,pi_password);
  END reg;

END PKG_AUTH;

/
--------------------------------------------------------
--  DDL for Package Body PKG_COMP
--------------------------------------------------------

  CREATE OR REPLACE PACKAGE BODY "COMPETITIONSCHEDULER"."PKG_COMP" AS

  procedure add (
    pi_name IN VARCHAR2,
    pi_desc IN VARCHAR2,
    pi_dateFrom IN DATE,
    pi_dateTo IN DATE,
    pi_image IN VARCHAR2,
    po_id OUT NUMBER
  ) AS
  BEGIN
    INSERT INTO competitions(NAME,DESCRIPTION,IMAGE,DATE_FROM,DATE_TO) VALUES (pi_name,pi_desc,pi_image,pi_dateFrom,pi_dateTo) RETURNING id INTO po_id;
  END add;

  procedure addGroup (
    pi_name IN VARCHAR2,
    pi_comp_id IN NUMBER,
    po_id OUT NUMBER
  ) AS
  BEGIN
    INSERT INTO groups(NAME,COMPETITION_ID_FK) VALUES (pi_name,pi_comp_id) RETURNING id INTO po_id;
  END addGroup;

  procedure addGroupTeam(
    pi_group_id IN NUMBER,
    pi_team_id IN NUMBER
  ) AS
  BEGIN
    INSERT INTO groups_teams(GROUP_ID_FK,TEAM_ID_FK) VALUES(pi_group_id,pi_team_id);
  END addGroupTeam;

  procedure addMatch(
    pi_home_id IN NUMBER,
    pi_away_id IN NUMBER,
    po_id OUT NUMBER
  ) AS
  BEGIN
    INSERT INTO matches(HOME_TEAM_ID_FK,AWAY_TEAM_ID_FK) VALUES(pi_home_id,pi_away_id) RETURNING id INTO po_id;
  END addMatch;

  procedure addGroupMatch(
    pi_group_id IN NUMBER,
    pi_match_id IN NUMBER
  ) AS
  BEGIN
    INSERT INTO groups_matches(GROUP_ID_FK,MATCH_ID_FK) VALUES(pi_group_id,pi_match_id);
  END addGroupMatch;

 procedure findAll(
  po_out OUT CURSOR_TYPE
  ) AS
  BEGIN
    OPEN po_out FOR SELECT ID,NAME,IMAGE,DATE_FROM, DATE_TO FROM competitions;
  END findAll;

  procedure remove(
   pi_id IN NUMBER
  ) AS
  BEGIN
    /* TODO implementation required */
    NULL;
  END remove;

  procedure get(
    pi_id IN NUMBER,
    po_name OUT VARCHAR2,
    po_desc OUT VARCHAR2,
    po_dateFrom OUT DATE,
    po_dateTo OUT DATE,
    po_image OUT VARCHAR2,
    po_groups OUT CURSOR_TYPE
  ) AS
  BEGIN
    /* TODO implementation required */
    NULL;
  END get;

  procedure findAllTeams(
   po_out OUT CURSOR_TYPE
   )AS
   BEGIN
     OPEN po_out FOR SELECT id,name,image FROM teams;
   END findAllTeams;

END PKG_COMP;

/
--------------------------------------------------------
--  DDL for Package Body PKG_DICT
--------------------------------------------------------

  CREATE OR REPLACE PACKAGE BODY "COMPETITIONSCHEDULER"."PKG_DICT" AS

  PROCEDURE getCountries (
      po_result OUT CURSOR_TYPE
  ) AS
  BEGIN
    OPEN po_result FOR SELECT CODE, NAME FROM COUNTRIES;
  END getCountries;

END PKG_DICT;

/
